"name","address","phone","email","director","payment_details"
"Faramarzan Toos Co.","","","","",""
"TOO Transgroup LTD экспедитор","","","","",""
"Flowserve LTD","","","","",""
"NIAZ RAHIM Co LTD","","","","",""
"BELFEX COMPANY LTD","","","","",""
"RIKOTRANS LTD","","","","",""
"Мега4","","","","",""
"Транс Система","","","","",""
"STL","","","","",""
"Уз. Желдор экспедиция (Greenline)","","","","",""
"Ахан Алат Тохид Камбиз","","","","",""
"ActionGroup","","","","",""
"ПГК","","","","",""
"Corbet Group","","","","",""
"BROOKDALE SERVICES LTD","","","","",""
"Expo Oil","","","","",""
"ООО «Petro Asia Traiding»","","","","",""
"Азамат","","","","",""
"ЧП Машадов","","","","",""
"Уз. Желдор экспедиция (Melcor)","","","","",""
"Наджибулла","","","","",""
"Trans Group","","","","",""
"Ойбек ака","","","","",""
"Максуд ака","","","","",""
"Global trans Serv Eur","","","","",""
"«Flask Communications Ltd»","","","","",""
"Overton","","","","",""
"Nasir Ahmad","","","","",""
"ТОО «Тенгри Транс»","","","","",""
"Rustam","","","","",""
"Trad_Servise","","","","",""
"УЗ ЖД","","","","",""
"Габекс","","","","",""
"Sabro Corporation Ltd","","","","",""
"Pro logistik","","","","",""
"Elson Capital","","","","",""
"VAFA RAH CO LTD","","","","",""
"Сайдана","","","","",""
"Маргилан","","","","",""
"ТОО Гринлайн Транс","","","","",""
"Мехди","","","","",""
"Leshill company LTD","","","","",""
"Абдумалик","","","","",""
"Муниджиддин","","","","",""
"Шакир","","","","",""
"Рашид","","","","",""
"УЗжд","","","","",""
"Мехралиев","","","","",""
"АО Казтранссервис","","","","",""
"Samir","","","","",""
"Watan Oil & Gas","","","","",""
"Николай","","","","",""
"Нодар","","","","",""
"НПК","","","","",""
"ТОО ТК АРИЛАНА БЕГРОФ"

